0,SMITH THOMAS W,13F-HR,926688,1993-02-12,https://www.sec.gov/Archives/edgar/data/926688/9999999997-05-015654-index.htm
1,SMITH THOMAS W,13F-HR,926688,1993-05-14,https://www.sec.gov/Archives/edgar/data/926688/9999999997-05-015657-index.htm
4,SMITH THOMAS W,13F-HR,926688,1993-08-13,https://www.sec.gov/Archives/edgar/data/926688/9999999997-05-015665-index.htm
16,SMITH THOMAS W,13F-HR,926688,1993-11-12,https://www.sec.gov/Archives/edgar/data/926688/9999999997-05-015667-index.htm
252,AYDIN CORP,DEF 14A,8919,1994-03-18,https://www.sec.gov/Archives/edgar/data/8919/0000008919-94-000003-index.htm
253,AZTAR CORP,10-K,852807,1994-03-14,https://www.sec.gov/Archives/edgar/data/852807/0000852807-94-000004-index.htm
2357,SMITH THOMAS W,13F-HR,926688,1994-02-14,https://www.sec.gov/Archives/edgar/data/926688/9999999997-05-015672-index.htm
5583,SMITH THOMAS W,13F-HR,926688,1994-05-10,https://www.sec.gov/Archives/edgar/data/926688/9999999997-05-015679-index.htm
8417,SMITH THOMAS W,13F-HR,926688,1994-07-27,https://www.sec.gov/Archives/edgar/data/926688/9999999997-05-015680-index.htm
11124,RELIANCE GROUP HOLDINGS INC,10-Q,356395,1994-11-14,https://www.sec.gov/Archives/edgar/data/356395/0000950130-94-001617-index.htm
11303,SMITH THOMAS W,13F-HR,926688,1994-11-14,https://www.sec.gov/Archives/edgar/data/926688/9999999997-05-015681-index.htm
15589,SMITH THOMAS W,13F-HR,926688,1995-02-10,https://www.sec.gov/Archives/edgar/data/926688/9999999997-05-015683-index.htm
18172,CRIIMI MAE INC,10-K/A,847322,1995-04-27,https://www.sec.gov/Archives/edgar/data/847322/0000912057-95-002774-index.htm
22112,SMITH THOMAS W,13F-HR,926688,1995-05-12,https://www.sec.gov/Archives/edgar/data/926688/9999999997-05-015686-index.htm
28575,SMITH THOMAS W,13F-HR,926688,1995-08-14,https://www.sec.gov/Archives/edgar/data/926688/9999999997-05-015688-index.htm
29926,AMERICAN EXPRESS CO,10-Q,4962,1995-11-14,https://www.sec.gov/Archives/edgar/data/4962/0000004962-95-000043-index.htm
32931,INTEL CORP,13F-HR,50863,1995-11-13,https://www.sec.gov/Archives/edgar/data/50863/9999999997-04-025181-index.htm
32932,INTEL CORP,13F-HR,50863,1995-11-13,https://www.sec.gov/Archives/edgar/data/50863/9999999997-04-025183-index.htm
32933,INTEL CORP,13F-HR,50863,1995-11-13,https://www.sec.gov/Archives/edgar/data/50863/9999999997-04-025184-index.htm
32934,INTEL CORP,13F-HR,50863,1995-11-13,https://www.sec.gov/Archives/edgar/data/50863/9999999997-04-025187-index.htm
35224,SMITH THOMAS W,13F-HR,926688,1995-11-13,https://www.sec.gov/Archives/edgar/data/926688/9999999997-05-015691-index.htm
38030,CPAC INC,10-Q,351717,1996-02-13,https://www.sec.gov/Archives/edgar/data/351717/0000351717-96-000010-index.htm
42041,SMITH THOMAS W,13F-HR,926688,1996-02-14,https://www.sec.gov/Archives/edgar/data/926688/9999999997-05-015695-index.htm
43548,ALLBRITTON COMMUNICATIONS CO,10-Q,889156,1996-05-13,https://www.sec.gov/Archives/edgar/data/889156/0000908645-96-000059-index.htm
43657,AMAX GOLD INC,10-Q,814577,1996-05-15,https://www.sec.gov/Archives/edgar/data/814577/0000927356-96-000353-index.htm
47636,FIRST CENTRAL FINANCIAL CORP,10-K/A,759441,1996-04-29,https://www.sec.gov/Archives/edgar/data/759441/0000950117-96-000352-index.htm
47638,FIRST CENTRAL FINANCIAL CORP,DEF 14A,759441,1996-05-16,https://www.sec.gov/Archives/edgar/data/759441/0000950117-96-000486-index.htm
49341,INTEL CORP,13F-HR,50863,1996-05-15,https://www.sec.gov/Archives/edgar/data/50863/9999999997-04-025189-index.htm
0,SMITH THOMAS W,13F-HR,926688,1993-02-12,https://www.sec.gov/Archives/edgar/data/926688/9999999997-05-015654-index.htm
1,SMITH THOMAS W,13F-HR,926688,1993-05-14,https://www.sec.gov/Archives/edgar/data/926688/9999999997-05-015657-index.htm
4,SMITH THOMAS W,13F-HR,926688,1993-08-13,https://www.sec.gov/Archives/edgar/data/926688/9999999997-05-015665-index.htm
16,SMITH THOMAS W,13F-HR,926688,1993-11-12,https://www.sec.gov/Archives/edgar/data/926688/9999999997-05-015667-index.htm
355,BETZ LABORATORIES INC,10-K,11884,1994-03-25,https://www.sec.gov/Archives/edgar/data/11884/0000950170-94-000021-index.htm
2357,SMITH THOMAS W,13F-HR,926688,1994-02-14,https://www.sec.gov/Archives/edgar/data/926688/9999999997-05-015672-index.htm
5583,SMITH THOMAS W,13F-HR,926688,1994-05-10,https://www.sec.gov/Archives/edgar/data/926688/9999999997-05-015679-index.htm
8417,SMITH THOMAS W,13F-HR,926688,1994-07-27,https://www.sec.gov/Archives/edgar/data/926688/9999999997-05-015680-index.htm
8976,AMERICA FIRST TAX EXEMPT MORTGAGE FUND LTD PARTNERSHIP,10-Q,776734,1994-11-10,https://www.sec.gov/Archives/edgar/data/776734/0000776734-94-000006-index.htm
8979,AMERICAN ANNUITY GROUP INC,10-Q,894651,1994-11-14,https://www.sec.gov/Archives/edgar/data/894651/0000894651-94-000040-index.htm
8982,AMERICAN BUSINESS PRODUCTS INC,10-Q,4672,1994-11-04,https://www.sec.gov/Archives/edgar/data/4672/0000950144-94-001923-index.htm
8985,AMERICAN EXPRESS CREDIT CORP,10-Q,4969,1994-11-10,https://www.sec.gov/Archives/edgar/data/4969/0000004969-94-000009-index.htm
8988,AMERICAN GENERAL FINANCE CORP,10-Q,25598,1994-11-14,https://www.sec.gov/Archives/edgar/data/25598/0000025598-94-000010-index.htm
8991,AMERICAN GREETINGS CORP,10-Q/A,5133,1994-12-20,https://www.sec.gov/Archives/edgar/data/5133/0000950152-94-001258-index.htm
11303,SMITH THOMAS W,13F-HR,926688,1994-11-14,https://www.sec.gov/Archives/edgar/data/926688/9999999997-05-015681-index.htm
15015,PENN VIRGINIA CORP,10-K405,77159,1995-03-30,https://www.sec.gov/Archives/edgar/data/77159/0000893220-95-000192-index.htm
15589,SMITH THOMAS W,13F-HR,926688,1995-02-10,https://www.sec.gov/Archives/edgar/data/926688/9999999997-05-015683-index.htm
16346,WISCONSIN POWER & LIGHT CO,DEF 14A,107832,1995-03-27,https://www.sec.gov/Archives/edgar/data/107832/0000950124-95-000862-index.htm
22112,SMITH THOMAS W,13F-HR,926688,1995-05-12,https://www.sec.gov/Archives/edgar/data/926688/9999999997-05-015686-index.htm
23600,AMERICAN RETIREMENT VILLAS PROPERTIES,10-Q,778643,1995-08-14,https://www.sec.gov/Archives/edgar/data/778643/0000892569-95-000403-index.htm
28575,SMITH THOMAS W,13F-HR,926688,1995-08-14,https://www.sec.gov/Archives/edgar/data/926688/9999999997-05-015688-index.htm
32931,INTEL CORP,13F-HR,50863,1995-11-13,https://www.sec.gov/Archives/edgar/data/50863/9999999997-04-025181-index.htm
32932,INTEL CORP,13F-HR,50863,1995-11-13,https://www.sec.gov/Archives/edgar/data/50863/9999999997-04-025183-index.htm
32933,INTEL CORP,13F-HR,50863,1995-11-13,https://www.sec.gov/Archives/edgar/data/50863/9999999997-04-025184-index.htm
32934,INTEL CORP,13F-HR,50863,1995-11-13,https://www.sec.gov/Archives/edgar/data/50863/9999999997-04-025187-index.htm
35224,SMITH THOMAS W,13F-HR,926688,1995-11-13,https://www.sec.gov/Archives/edgar/data/926688/9999999997-05-015691-index.htm
42041,SMITH THOMAS W,13F-HR,926688,1996-02-14,https://www.sec.gov/Archives/edgar/data/926688/9999999997-05-015695-index.htm
49341,INTEL CORP,13F-HR,50863,1996-05-15,https://www.sec.gov/Archives/edgar/data/50863/9999999997-04-025189-index.htm
51619,NUVEEN SELECT MATURITIES MUNICIPAL FUND,DEF 14A,890119,1996-06-07,https://www.sec.gov/Archives/edgar/data/890119/0000950137-96-000878-index.htm
53542,SECURED INVESTMENT RESOURCES FUND LP,10-K,745481,1996-04-15,https://www.sec.gov/Archives/edgar/data/745481/0000745481-96-000001-index.htm
53799,SMITH THOMAS W,13F-HR,926688,1996-05-14,https://www.sec.gov/Archives/edgar/data/926688/9999999997-05-015701-index.htm
61872,INTEL CORP,13F-HR,50863,1996-08-14,https://www.sec.gov/Archives/edgar/data/50863/9999999997-04-025191-index.htm
6,11:11 Capital Corp.,13F-HR,1463262,2010-02-04,https://www.sec.gov/Archives/edgar/data/1463262/0001463262-10-000001-index.htm
7,1346049 ONTARIO LTD,13F-HR,1230588,2010-01-25,https://www.sec.gov/Archives/edgar/data/1230588/0001085146-10-000041-index.htm
10,"1607 Capital Partners, LLC",13F-HR,1436866,2010-02-16,https://www.sec.gov/Archives/edgar/data/1436866/0001172661-10-000113-index.htm
11,1798 Global Partners (Cayman Islands) Ltd.,13F-HR,1427790,2010-02-16,https://www.sec.gov/Archives/edgar/data/1427790/0000902664-10-000833-index.htm
13,1ST SOURCE BANK,13F-HR,356264,2010-02-03,https://www.sec.gov/Archives/edgar/data/356264/0000034782-10-000005-index.htm
19,"1st Global Advisors, Inc.",13F-HR,1386792,2010-01-28,https://www.sec.gov/Archives/edgar/data/1386792/0001085146-10-000048-index.htm
36,"300 NORTH CAPITAL, LLC",13F-HR,80835,2010-02-11,https://www.sec.gov/Archives/edgar/data/80835/0000080835-10-000001-index.htm
41,3G Capital Partners Ltd.,13F-HR,1421669,2010-02-16,https://www.sec.gov/Archives/edgar/data/1421669/0000902664-10-000703-index.htm
54,7x7 Asset Management LLC,13F-HR,1388558,2010-02-11,https://www.sec.gov/Archives/edgar/data/1388558/0000906344-10-000113-index.htm
79,ABERDEEN ASSET MANAGEMENT PLC/UK,13F-HR,1080434,2010-02-16,https://www.sec.gov/Archives/edgar/data/1080434/0001080434-10-000002-index.htm
86,ABNER HERRMAN & BROCK LLC,13F-HR,1038661,2010-01-13,https://www.sec.gov/Archives/edgar/data/1038661/0001038661-10-000001-index.htm
88,"ABRAMS BISON INVESTMENTS, LLC",13F-HR,1317588,2010-02-16,https://www.sec.gov/Archives/edgar/data/1317588/0000919574-10-001193-index.htm
93,ACADEMY CAPITAL MANAGEMENT INC/TX,13F-HR,1031972,2010-02-09,https://www.sec.gov/Archives/edgar/data/1031972/0001031972-10-000001-index.htm
96,ACADIA TRUST NA,13F-HR,872078,2010-01-20,https://www.sec.gov/Archives/edgar/data/872078/0000872078-10-000002-index.htm
97,ACADIAN ASSET MANAGEMENT LLC,13F-HR,916542,2010-02-10,https://www.sec.gov/Archives/edgar/data/916542/0001135428-10-000028-index.htm
127,ACL SEMICONDUCTOR INC,10-K/A,934445,2010-01-07,https://www.sec.gov/Archives/edgar/data/934445/0000930413-10-000039-index.htm
129,ACL SEMICONDUCTOR INC,10-Q/A,934445,2010-01-07,https://www.sec.gov/Archives/edgar/data/934445/0000930413-10-000041-index.htm
130,ACL SEMICONDUCTOR INC,10-Q/A,934445,2010-01-07,https://www.sec.gov/Archives/edgar/data/934445/0000930413-10-000042-index.htm
131,ACL SEMICONDUCTOR INC,NT 10-K,934445,2010-03-30,https://www.sec.gov/Archives/edgar/data/934445/0000930413-10-001681-index.htm
132,ACME PACKET INC,10-K,1130258,2010-03-09,https://www.sec.gov/Archives/edgar/data/1130258/0000950123-10-022645-index.htm
133,ACME UNITED CORP,10-K,2098,2010-03-09,https://www.sec.gov/Archives/edgar/data/2098/0001026608-10-000024-index.htm
134,ACME UNITED CORP,DEF 14A,2098,2010-03-23,https://www.sec.gov/Archives/edgar/data/2098/0001026608-10-000028-index.htm
135,ACNB CORP,10-K,715579,2010-03-12,https://www.sec.gov/Archives/edgar/data/715579/0001047469-10-002122-index.htm
136,ACNB CORP,DEF 14A,715579,2010-03-24,https://www.sec.gov/Archives/edgar/data/715579/0001047469-10-002679-index.htm
137,ACORDA THERAPEUTICS INC,10-K,1008848,2010-02-26,https://www.sec.gov/Archives/edgar/data/1008848/0001047469-10-001554-index.htm
138,"ACORN ENERGY, INC.",10-K,880984,2010-03-22,https://www.sec.gov/Archives/edgar/data/880984/0001144204-10-014862-index.htm
139,ACRO INC.,10-K,1228386,2010-03-31,https://www.sec.gov/Archives/edgar/data/1228386/0001178913-10-000928-index.htm
140,ACRONGENOMICS INC,NT 10-K,1104502,2010-03-31,https://www.sec.gov/Archives/edgar/data/1104502/0001085037-10-000116-index.htm
141,"ACROSS AMERICA REAL ESTATE EXCHANGE, INC.",10-K,1388132,2010-02-10,https://www.sec.gov/Archives/edgar/data/1388132/0001079974-10-000060-index.htm
142,"ACT II MANAGEMENT, LP",13F-HR,1450008,2010-02-16,https://www.sec.gov/Archives/edgar/data/1450008/0000902664-10-000750-index.htm
143,"ACTAVISION VENTURES, INC.",NT 10-K,1386975,2010-03-31,https://www.sec.gov/Archives/edgar/data/1386975/0001386975-10-000001-index.htm
144,ACTEL CORP,10-K,907687,2010-03-15,https://www.sec.gov/Archives/edgar/data/907687/0000950123-10-024784-index.htm
145,ACTIVANT SOLUTIONS INC /DE/,10-Q,1059103,2010-02-10,https://www.sec.gov/Archives/edgar/data/1059103/0000950123-10-010558-index.htm
146,ACTIVE POWER INC,10-K,1044435,2010-03-04,https://www.sec.gov/Archives/edgar/data/1044435/0001193125-10-047972-index.htm
147,"ACTIVECARE, INC.",10-Q,1429896,2010-02-16,https://www.sec.gov/Archives/edgar/data/1429896/0001096906-10-000195-index.htm
148,ACTIVIDENTITY CORP,10-K/A,1183941,2010-01-28,https://www.sec.gov/Archives/edgar/data/1183941/0001104659-10-003691-index.htm
149,ACTIVIDENTITY CORP,10-Q,1183941,2010-02-09,https://www.sec.gov/Archives/edgar/data/1183941/0001104659-10-005751-index.htm
6,11:11 Capital Corp.,13F-HR,1463262,2010-02-04,https://www.sec.gov/Archives/edgar/data/1463262/0001463262-10-000001-index.htm
7,1346049 ONTARIO LTD,13F-HR,1230588,2010-01-25,https://www.sec.gov/Archives/edgar/data/1230588/0001085146-10-000041-index.htm
10,"1607 Capital Partners, LLC",13F-HR,1436866,2010-02-16,https://www.sec.gov/Archives/edgar/data/1436866/0001172661-10-000113-index.htm
11,1798 Global Partners (Cayman Islands) Ltd.,13F-HR,1427790,2010-02-16,https://www.sec.gov/Archives/edgar/data/1427790/0000902664-10-000833-index.htm
13,1ST SOURCE BANK,13F-HR,356264,2010-02-03,https://www.sec.gov/Archives/edgar/data/356264/0000034782-10-000005-index.htm
6,11:11 Capital Corp.,13F-HR,1463262,2010-02-04,https://www.sec.gov/Archives/edgar/data/1463262/0001463262-10-000001-index.htm
7,1346049 ONTARIO LTD,13F-HR,1230588,2010-01-25,https://www.sec.gov/Archives/edgar/data/1230588/0001085146-10-000041-index.htm
6,11:11 Capital Corp.,13F-HR,1463262,2010-02-04,https://www.sec.gov/Archives/edgar/data/1463262/0001463262-10-000001-index.htm
7,1346049 ONTARIO LTD,13F-HR,1230588,2010-01-25,https://www.sec.gov/Archives/edgar/data/1230588/0001085146-10-000041-index.htm
10,"1607 Capital Partners, LLC",13F-HR,1436866,2010-02-16,https://www.sec.gov/Archives/edgar/data/1436866/0001172661-10-000113-index.htm
11,1798 Global Partners (Cayman Islands) Ltd.,13F-HR,1427790,2010-02-16,https://www.sec.gov/Archives/edgar/data/1427790/0000902664-10-000833-index.htm
13,1ST SOURCE BANK,13F-HR,356264,2010-02-03,https://www.sec.gov/Archives/edgar/data/356264/0000034782-10-000005-index.htm
6,11:11 Capital Corp.,13F-HR,1463262,2010-02-04,https://www.sec.gov/Archives/edgar/data/1463262/0001463262-10-000001-index.htm
7,1346049 ONTARIO LTD,13F-HR,1230588,2010-01-25,https://www.sec.gov/Archives/edgar/data/1230588/0001085146-10-000041-index.htm
6,11:11 Capital Corp.,13F-HR,1463262,2010-02-04,https://www.sec.gov/Archives/edgar/data/1463262/0001463262-10-000001-index.htm
7,1346049 ONTARIO LTD,13F-HR,1230588,2010-01-25,https://www.sec.gov/Archives/edgar/data/1230588/0001085146-10-000041-index.htm
13620,TOOTSIE ROLL INDUSTRIES INC,DEF 14A,98677,2010-03-26,https://www.sec.gov/Archives/edgar/data/98677/0001047469-10-002753-index.htm
13622,TOPSPIN MEDICAL INC,10-K,1211805,2010-03-23,https://www.sec.gov/Archives/edgar/data/1211805/0000950123-10-027127-index.htm
13629,TORO CO,10-Q,737758,2010-03-05,https://www.sec.gov/Archives/edgar/data/737758/0000737758-10-000005-index.htm
13632,TOROTEL INC,10-Q,98752,2010-03-16,https://www.sec.gov/Archives/edgar/data/98752/0001104659-10-014490-index.htm
13634,TORTOISE CAPITAL ADVISORS LLC,13F-HR,1280965,2010-02-10,https://www.sec.gov/Archives/edgar/data/1280965/0001347652-10-000005-index.htm
13641,TORTUGA MEXICAN IMPORTS INC,10-Q,1213106,2010-01-19,https://www.sec.gov/Archives/edgar/data/1213106/0001062993-10-000163-index.htm
13645,TOTAL SYSTEM SERVICES INC,10-K,721683,2010-03-01,https://www.sec.gov/Archives/edgar/data/721683/0000950123-10-018902-index.htm
21722,FIRST COMMUNITY BANK CORP OF AMERICA,10-Q,1082564,2010-05-18,https://www.sec.gov/Archives/edgar/data/1082564/0001193125-10-122932-index.htm
21729,FIRST DATA CORP,10-Q,883980,2010-05-14,https://www.sec.gov/Archives/edgar/data/883980/0001193125-10-119241-index.htm
29594,S&T BANCORP INC,10-Q,719220,2010-05-06,https://www.sec.gov/Archives/edgar/data/719220/0001193125-10-110820-index.htm
44169,Poplar Forest Capital LLC,13F-HR,1454949,2010-08-12,https://www.sec.gov/Archives/edgar/data/1454949/0001399490-10-000017-index.htm
44810,"Regatta Capital Partners, Inc.",10-Q,1029356,2010-08-12,https://www.sec.gov/Archives/edgar/data/1029356/0001079973-10-000850-index.htm
44827,"Research Affiliates, LLC",13F-HR,1337848,2010-08-12,https://www.sec.gov/Archives/edgar/data/1337848/0001337848-10-000006-index.htm
50963,COMPASS MINERALS INTERNATIONAL INC,10-Q,1227654,2010-10-27,https://www.sec.gov/Archives/edgar/data/1227654/0001140361-10-042408-index.htm
54726,ICAHN CARL C,13F-HR,921669,2010-11-15,https://www.sec.gov/Archives/edgar/data/921669/0001140361-10-045743-index.htm
58732,Perennial Investment Partners LTD,13F-HR,1390271,2010-11-15,https://www.sec.gov/Archives/edgar/data/1390271/0001390271-10-000013-index.htm
66359,Carolina Energy Hedging Ltd Co,13F-HR,1454335,2011-01-20,https://www.sec.gov/Archives/edgar/data/1454335/0001454335-11-000002-index.htm
71543,MERCURY COMPUTER SYSTEMS INC,10-Q,1049521,2011-02-03,https://www.sec.gov/Archives/edgar/data/1049521/0001193125-11-023313-index.htm
77527,WELLS FARGO & CO/MN,10-K,72971,2011-02-25,https://www.sec.gov/Archives/edgar/data/72971/0000950123-11-018541-index.htm
77534,WELLS REAL ESTATE FUND VIII LP,10-K,929920,2011-03-22,https://www.sec.gov/Archives/edgar/data/929920/0001193125-11-073689-index.htm
77538,WELLS REAL ESTATE FUND XIII L P,10-K,1127245,2011-03-22,https://www.sec.gov/Archives/edgar/data/1127245/0001193125-11-073707-index.htm
77544,WENTWORTH HAUSER & VIOLICH,13F-HR,105692,2011-02-14,https://www.sec.gov/Archives/edgar/data/105692/0001172661-11-000138-index.htm
77547,"WES Consulting, Inc.",10-Q,1374567,2011-02-14,https://www.sec.gov/Archives/edgar/data/1374567/0001144204-11-008219-index.htm
77552,WESCO INTERNATIONAL INC,10-K,929008,2011-02-25,https://www.sec.gov/Archives/edgar/data/929008/0000950123-11-018103-index.htm
77559,WEST CANYON ENERGY CORP.,NT 10-Q,1343601,2011-02-14,https://www.sec.gov/Archives/edgar/data/1343601/0001204459-11-000393-index.htm
77561,WEST COAST BANCORP /NEW/OR/,10-K,717059,2011-03-10,https://www.sec.gov/Archives/edgar/data/717059/0001206774-11-000474-index.htm
77564,WEST MARINE INC,10-K,912833,2011-03-14,https://www.sec.gov/Archives/edgar/data/912833/0001193125-11-065857-index.htm
77567,WEST SUBURBAN BANCORP INC,10-K,805080,2011-03-14,https://www.sec.gov/Archives/edgar/data/805080/0001104659-11-014090-index.htm
77570,WESTAR ENERGY INC /KS,10-K,54507,2011-02-24,https://www.sec.gov/Archives/edgar/data/54507/0001193125-11-045500-index.htm
77573,WESTCLIFF CAPITAL MANAGEMENT LLC/CA,13F-HR,1057396,2011-02-14,https://www.sec.gov/Archives/edgar/data/1057396/0000950005-11-000031-index.htm
77576,WESTERGAARD COM INC,10-K,1106974,2011-01-28,https://www.sec.gov/Archives/edgar/data/1106974/0001121781-11-000021-index.htm
77579,WESTERN ALLIANCE BANCORPORATION,DEF 14A,1212545,2011-03-11,https://www.sec.gov/Archives/edgar/data/1212545/0000950123-11-024749-index.htm
77584,WESTERN ASSET MUNICIPAL HIGH INCOME FUND INC.,DEF 14A,830487,2011-01-31,https://www.sec.gov/Archives/edgar/data/830487/0001104659-11-003846-index.htm
77587,WESTERN DIGITAL CORP,10-Q,106040,2011-01-28,https://www.sec.gov/Archives/edgar/data/106040/0000950123-11-006257-index.htm
80388,BOYD WATTERSON ASSET MANAGEMENT LLC/OH,13F-HR,1121477,2011-04-15,https://www.sec.gov/Archives/edgar/data/1121477/0001121477-11-000002-index.htm
80390,BP CAPITAL MANAGEMENT L P,13F-HR,1218269,2011-05-16,https://www.sec.gov/Archives/edgar/data/1218269/0000950123-11-050712-index.htm
80392,BP PRUDHOE BAY ROYALTY TRUST,10-Q,850033,2011-05-10,https://www.sec.gov/Archives/edgar/data/850033/0000950123-11-047888-index.htm
80913,CALIFORNIA FIRST NATIONAL BANCORP,10-Q,803016,2011-05-12,https://www.sec.gov/Archives/edgar/data/803016/0000803016-11-000011-index.htm
81891,CONTINENTAL RESOURCES INC,10-Q,732834,2011-05-05,https://www.sec.gov/Archives/edgar/data/732834/0001193125-11-128377-index.htm
81893,CONTINUCARE CORP,10-Q,803352,2011-05-05,https://www.sec.gov/Archives/edgar/data/803352/0000950123-11-045159-index.htm
81900,CONVENIENTCAST INC.,NT 10-Q,1269879,2011-05-16,https://www.sec.gov/Archives/edgar/data/1269879/0001188112-11-001419-index.htm
98088,"BTHC XV, Inc.",10-Q/A,1412090,2011-08-19,https://www.sec.gov/Archives/edgar/data/1412090/0001010549-11-000897-index.htm
101602,FOUNDERS BANK & TRUST,13F-HR,1358096,2011-08-09,https://www.sec.gov/Archives/edgar/data/1358096/0001358096-11-000003-index.htm
101748,First Advantage Bancorp,10-Q,1404306,2011-08-15,https://www.sec.gov/Archives/edgar/data/1404306/0001404306-11-000028-index.htm
2755,CITIZENS FIRST CORP,10-K,1073475,2012-03-30,https://www.sec.gov/Archives/edgar/data/1073475/0001104659-12-022667-index.htm
3946,DEVRY INC,10-Q,730464,2012-02-06,https://www.sec.gov/Archives/edgar/data/730464/0001193125-12-040930-index.htm
15466,AMERICAN SUPERCONDUCTOR CORP /DE/,DEF 14A,880807,2012-06-26,https://www.sec.gov/Archives/edgar/data/880807/0001193125-12-283889-index.htm
78870,CorMedix Inc.,10-Q,1410098,2013-05-15,https://www.sec.gov/Archives/edgar/data/1410098/0001144204-13-029499-index.htm
78871,CorMedix Inc.,DEF 14A,1410098,2013-06-20,https://www.sec.gov/Archives/edgar/data/1410098/0001144204-13-035834-index.htm
138456,Cumberland Partners Ltd,13F-HR,1578985,2014-04-08,https://www.sec.gov/Archives/edgar/data/1578985/0001144204-14-021255-index.htm
166384,BTG Pactual Global Asset Management Ltd,13F-HR,1567992,2014-11-12,https://www.sec.gov/Archives/edgar/data/1567992/0001085146-14-002174-index.htm
178753,AMERICAN FINANCIAL GROUP INC,10-K,1042046,2015-02-26,https://www.sec.gov/Archives/edgar/data/1042046/0001042046-15-000015-index.htm
178756,AMERICAN FINANCIAL GROUP INC 401(K) RETIREMENT & SAVINGS PLA,13F-HR,943719,2015-02-10,https://www.sec.gov/Archives/edgar/data/943719/0001042046-15-000004-index.htm
178758,AMERICAN GENE ENGINEER CORP,10-Q,1600784,2015-03-24,https://www.sec.gov/Archives/edgar/data/1600784/0001214659-15-002490-index.htm
178760,AMERICAN GENE ENGINEER CORP,NT 10-K,1600784,2015-01-29,https://www.sec.gov/Archives/edgar/data/1600784/0001214659-15-000674-index.htm
178762,AMERICAN GRAPHITE TECHNOLOGIES INC.,10-K/A,1497316,2015-02-23,https://www.sec.gov/Archives/edgar/data/1497316/0001594062-15-000064-index.htm
178764,AMERICAN GRAPHITE TECHNOLOGIES INC.,10-Q/A,1497316,2015-02-23,https://www.sec.gov/Archives/edgar/data/1497316/0001594062-15-000065-index.htm
178766,AMERICAN GREETINGS CORP,10-Q,5133,2015-01-09,https://www.sec.gov/Archives/edgar/data/5133/0001193125-15-006237-index.htm
178768,AMERICAN HONDA FINANCE CORP,10-Q,864270,2015-02-12,https://www.sec.gov/Archives/edgar/data/864270/0001564590-15-000636-index.htm
187411,NATURAL HEALTH TRENDS CORP,10-K,912061,2015-03-06,https://www.sec.gov/Archives/edgar/data/912061/0001437749-15-004253-index.htm
190207,SMITH MIDLAND CORP,10-K,924719,2015-03-31,https://www.sec.gov/Archives/edgar/data/924719/0000924719-15-000005-index.htm
190216,"SMTP, Inc.",10-K,1506439,2015-03-31,https://www.sec.gov/Archives/edgar/data/1506439/0001553350-15-000312-index.htm
190219,SNOW CAPITAL MANAGEMENT LP,13F-HR,1262124,2015-02-12,https://www.sec.gov/Archives/edgar/data/1262124/0001262124-15-000002-index.htm
190224,"SOCKET MOBILE, INC.",10-K,944075,2015-03-27,https://www.sec.gov/Archives/edgar/data/944075/0000944075-15-000014-index.htm
190227,SOL Capital Management CO,13F-HR,1339270,2015-01-29,https://www.sec.gov/Archives/edgar/data/1339270/0001339270-15-000001-index.htm
190230,SOLARCITY CORP,10-K,1408356,2015-02-24,https://www.sec.gov/Archives/edgar/data/1408356/0001564590-15-000897-index.htm
190235,SOLAZYME INC,NT 10-K,1311230,2015-03-02,https://www.sec.gov/Archives/edgar/data/1311230/0001193125-15-073696-index.htm
190238,SOLITARIO EXPLORATION & ROYALTY CORP.,10-K,917225,2015-03-30,https://www.sec.gov/Archives/edgar/data/917225/0000917225-15-000003-index.htm
190241,SOLITRON DEVICES INC,NT 10-Q,91668,2015-01-15,https://www.sec.gov/Archives/edgar/data/91668/0001213900-15-000325-index.htm
190243,SONATA CAPITAL GROUP INC,13F-HR,1172036,2015-02-12,https://www.sec.gov/Archives/edgar/data/1172036/0001172036-15-000003-index.htm
190248,SONIC FOUNDRY INC,DEF 14A,1029744,2015-01-27,https://www.sec.gov/Archives/edgar/data/1029744/0001193125-15-021801-index.htm
190251,SONOCO PRODUCTS CO,DEF 14A,91767,2015-03-13,https://www.sec.gov/Archives/edgar/data/91767/0001193125-15-090403-index.htm
190254,SOPHROSYNE CAPITAL LLC,13F-HR,1507758,2015-01-26,https://www.sec.gov/Archives/edgar/data/1507758/0001420506-15-000017-index.htm
235750,VGI PARTNERS PTY Ltd,13F-HR,1577774,2015-11-13,https://www.sec.gov/Archives/edgar/data/1577774/0001062993-15-006098-index.htm
244053,KRONOS WORLDWIDE INC,DEF 14A,1257640,2016-03-29,https://www.sec.gov/Archives/edgar/data/1257640/0000059255-16-000161-index.htm
244054,KS MANAGEMENT CORP,13F-HR,1349834,2016-02-16,https://www.sec.gov/Archives/edgar/data/1349834/0001387131-16-004258-index.htm
244055,"KSA CAPITAL MANAGEMENT, LLC",13F-HR,1451643,2016-02-16,https://www.sec.gov/Archives/edgar/data/1451643/0000919574-16-010660-index.htm
248950,Sotherly Hotels Inc.,10-K,1301236,2016-03-25,https://www.sec.gov/Archives/edgar/data/1301236/0001564590-16-015264-index.htm
251714,APPFOLIO INC,10-Q,1433195,2016-05-09,https://www.sec.gov/Archives/edgar/data/1433195/0001433195-16-000035-index.htm
258206,Hilltop Holdings Inc.,DEF 14A,1265131,2016-04-29,https://www.sec.gov/Archives/edgar/data/1265131/0001558370-16-005060-index.htm
272852,INTL FCSTONE INC.,10-Q,913760,2016-08-03,https://www.sec.gov/Archives/edgar/data/913760/0000913760-16-000308-index.htm
284264,FUTURELAND CORP.,10-Q,1424549,2016-11-21,https://www.sec.gov/Archives/edgar/data/1424549/0001079974-16-001729-index.htm
298663,HENDLEY & CO INC,13F-HR,1084207,2017-03-01,https://www.sec.gov/Archives/edgar/data/1084207/0001084207-17-000001-index.htm
298664,HENGEHOLD CAPITAL MANAGEMENT LLC,13F-HR,1536430,2017-01-18,https://www.sec.gov/Archives/edgar/data/1536430/0001085146-17-000135-index.htm
298665,HENNESSY ADVISORS INC,10-Q,1145255,2017-01-26,https://www.sec.gov/Archives/edgar/data/1145255/0001193125-17-019893-index.htm
298666,HENNESSY ADVISORS INC,13F-HR,1145255,2017-01-17,https://www.sec.gov/Archives/edgar/data/1145255/0001140361-17-002009-index.htm
298667,HENRY JACK & ASSOCIATES INC,10-Q,779152,2017-02-09,https://www.sec.gov/Archives/edgar/data/779152/0000779152-17-000007-index.htm
298668,HENRY SCHEIN INC,10-K,1000228,2017-02-21,https://www.sec.gov/Archives/edgar/data/1000228/0001000228-17-000011-index.htm
298669,HERBALIFE LTD.,10-K,1180262,2017-02-23,https://www.sec.gov/Archives/edgar/data/1180262/0001564590-17-002230-index.htm
298670,HERBALIFE LTD.,DEF 14A,1180262,2017-03-13,https://www.sec.gov/Archives/edgar/data/1180262/0001193125-17-080462-index.htm
298671,HERC HOLDINGS INC,10-K,1364479,2017-03-15,https://www.sec.gov/Archives/edgar/data/1364479/0001364479-17-000008-index.htm
298672,HERC HOLDINGS INC,NT 10-K,1364479,2017-03-01,https://www.sec.gov/Archives/edgar/data/1364479/0001364479-17-000003-index.htm
298673,HERITAGE COMMERCE CORP,10-K,1053352,2017-03-03,https://www.sec.gov/Archives/edgar/data/1053352/0001558370-17-001341-index.htm
298674,HERITAGE FINANCIAL CORP /WA/,10-K,1046025,2017-03-09,https://www.sec.gov/Archives/edgar/data/1046025/0001046025-17-000041-index.htm
318029,Polygon Management Ltd.,13F-HR,1515070,2017-05-15,https://www.sec.gov/Archives/edgar/data/1515070/0000902664-17-002348-index.htm
359729,UNITIL CORP,10-K,755001,2018-02-01,https://www.sec.gov/Archives/edgar/data/755001/0001193125-18-028247-index.htm
359730,UNITIL CORP,DEF 14A,755001,2018-03-19,https://www.sec.gov/Archives/edgar/data/755001/0001193125-18-087258-index.htm
359733,UNITY BANCORP INC /NJ/,DEF 14A,920427,2018-03-12,https://www.sec.gov/Archives/edgar/data/920427/0000920427-18-000041-index.htm
385247,"Meru Capital Group, LP",13F-HR,1512145,2018-08-14,https://www.sec.gov/Archives/edgar/data/1512145/0001512145-18-000011-index.htm
390604,"AFTERMASTER, INC.",10-Q/A,836809,2018-10-18,https://www.sec.gov/Archives/edgar/data/836809/0001654954-18-011354-index.htm
396715,JOHN HANCOCK TAX-ADVANTAGED DIVIDEND INCOME FUND,DEF 14A,1260041,2018-12-13,https://www.sec.gov/Archives/edgar/data/1260041/0001133228-18-006586-index.htm
403514,AMERICAN RIVER BANKSHARES,10-K,1108236,2019-02-22,https://www.sec.gov/Archives/edgar/data/1108236/0001019056-19-000165-index.htm
406208,CenterState Bank Corp,10-K,1102266,2019-02-28,https://www.sec.gov/Archives/edgar/data/1102266/0001564590-19-005324-index.htm
408869,HIGHLANDS BANKSHARES INC /VA/,10-K,1008579,2019-03-28,https://www.sec.gov/Archives/edgar/data/1008579/0001008579-19-000007-index.htm
409162,"Holly Brothers Pictures, Inc.",10-Q,1575659,2019-01-15,https://www.sec.gov/Archives/edgar/data/1575659/0001393905-19-000020-index.htm
410053,"Kimelman & Baird, LLC",13F-HR,1318103,2019-02-15,https://www.sec.gov/Archives/edgar/data/1318103/0000890163-19-000012-index.htm
414507,"Solaris Oilfield Infrastructure, Inc.",10-K,1697500,2019-02-27,https://www.sec.gov/Archives/edgar/data/1697500/0001697500-19-000009-index.htm
414516,Somerset Group LLC,13F-HR,1567912,2019-02-11,https://www.sec.gov/Archives/edgar/data/1567912/0001062993-19-000573-index.htm
415023,TREDEGAR CORP,DEF 14A,850429,2019-03-22,https://www.sec.gov/Archives/edgar/data/850429/0001140361-19-005413-index.htm
420883,DITECH HOLDING Corp,NT 10-K,1040719,2019-04-02,https://www.sec.gov/Archives/edgar/data/1040719/0001040719-19-000004-index.htm
422945,"Gannett Co., Inc.",10-Q,1635718,2019-05-06,https://www.sec.gov/Archives/edgar/data/1635718/0001635718-19-000015-index.htm
243917,KAMAN Corp,DEF 14A,54381,2016-03-04,https://www.sec.gov/Archives/edgar/data/54381/0000054381-16-000077-index.htm
243924,KAPSTONE PAPER & PACKAGING CORP,DEF 14A,1325281,2016-03-28,https://www.sec.gov/Archives/edgar/data/1325281/0001047469-16-011626-index.htm
243931,KB HOME,DEF 14A,795266,2016-02-26,https://www.sec.gov/Archives/edgar/data/795266/0000795266-16-000109-index.htm
243934,"KBR, INC.",DEF 14A,1357615,2016-03-29,https://www.sec.gov/Archives/edgar/data/1357615/0001308179-16-000287-index.htm
243942,"KCAP Financial, Inc.",DEF 14A,1372807,2016-03-24,https://www.sec.gov/Archives/edgar/data/1372807/0001144204-16-089979-index.htm
243951,KELLOGG CO,DEF 14A,55067,2016-03-10,https://www.sec.gov/Archives/edgar/data/55067/0001628280-16-012545-index.htm
246406,PACKAGING CORP OF AMERICA,DEF 14A,75677,2016-03-25,https://www.sec.gov/Archives/edgar/data/75677/0001193125-16-517102-index.htm
347606,AES CORP,DEF 14A,874761,2018-03-09,https://www.sec.gov/Archives/edgar/data/874761/0000874761-18-000024-index.htm
243977,KEY TECHNOLOGY INC,DEF 14A,906193,2016-01-04,https://www.sec.gov/Archives/edgar/data/906193/0000906193-16-000047-index.htm
243855,"Jacksonville Bancorp, Inc.",DEF 14A,1484949,2016-03-21,https://www.sec.gov/Archives/edgar/data/1484949/0001571049-16-013206-index.htm
243882,John Bean Technologies CORP,DEF 14A,1433660,2016-03-30,https://www.sec.gov/Archives/edgar/data/1433660/0001193125-16-522536-index.htm
243889,John Hancock Funds II,DEF 14A,1331971,2016-02-23,https://www.sec.gov/Archives/edgar/data/1331971/0001133228-16-007565-index.htm
243894,"Jones Energy, Inc.",DEF 14A,1573166,2016-03-31,https://www.sec.gov/Archives/edgar/data/1573166/0001047469-16-011756-index.htm
243917,KAMAN Corp,DEF 14A,54381,2016-03-04,https://www.sec.gov/Archives/edgar/data/54381/0000054381-16-000077-index.htm
243924,KAPSTONE PAPER & PACKAGING CORP,DEF 14A,1325281,2016-03-28,https://www.sec.gov/Archives/edgar/data/1325281/0001047469-16-011626-index.htm
243931,KB HOME,DEF 14A,795266,2016-02-26,https://www.sec.gov/Archives/edgar/data/795266/0000795266-16-000109-index.htm
243934,"KBR, INC.",DEF 14A,1357615,2016-03-29,https://www.sec.gov/Archives/edgar/data/1357615/0001308179-16-000287-index.htm
243942,"KCAP Financial, Inc.",DEF 14A,1372807,2016-03-24,https://www.sec.gov/Archives/edgar/data/1372807/0001144204-16-089979-index.htm
243951,KELLOGG CO,DEF 14A,55067,2016-03-10,https://www.sec.gov/Archives/edgar/data/55067/0001628280-16-012545-index.htm
243959,KEMPER Corp,DEF 14A,860748,2016-03-24,https://www.sec.gov/Archives/edgar/data/860748/0000860748-16-000160-index.htm
243977,KEY TECHNOLOGY INC,DEF 14A,906193,2016-01-04,https://www.sec.gov/Archives/edgar/data/906193/0000906193-16-000047-index.htm
243984,KFORCE INC,DEF 14A,930420,2016-03-18,https://www.sec.gov/Archives/edgar/data/930420/0000930420-16-000389-index.htm
243993,KIMBERLY CLARK CORP,DEF 14A,55785,2016-03-11,https://www.sec.gov/Archives/edgar/data/55785/0001193125-16-501589-index.htm
243995,KIMCO REALTY CORP,DEF 14A,879101,2016-03-16,https://www.sec.gov/Archives/edgar/data/879101/0001206774-16-004954-index.htm
243997,"KINDER MORGAN, INC.",DEF 14A,1506307,2016-03-30,https://www.sec.gov/Archives/edgar/data/1506307/0001047469-16-011734-index.htm
244008,KIRBY CORP,DEF 14A,56047,2016-03-04,https://www.sec.gov/Archives/edgar/data/56047/0001193125-16-492663-index.htm
244015,KKR Income Opportunities Fund,DEF 14A,1515940,2016-02-08,https://www.sec.gov/Archives/edgar/data/1515940/0000894189-16-007518-index.htm
244030,KNIGHT TRANSPORTATION INC,DEF 14A,929452,2016-03-31,https://www.sec.gov/Archives/edgar/data/929452/0001008886-16-000297-index.htm
243855,"Jacksonville Bancorp, Inc.",DEF 14A,1484949,2016-03-21,https://www.sec.gov/Archives/edgar/data/1484949/0001571049-16-013206-index.htm
243882,John Bean Technologies CORP,DEF 14A,1433660,2016-03-30,https://www.sec.gov/Archives/edgar/data/1433660/0001193125-16-522536-index.htm
243889,John Hancock Funds II,DEF 14A,1331971,2016-02-23,https://www.sec.gov/Archives/edgar/data/1331971/0001133228-16-007565-index.htm
243894,"Jones Energy, Inc.",DEF 14A,1573166,2016-03-31,https://www.sec.gov/Archives/edgar/data/1573166/0001047469-16-011756-index.htm
243855,"Jacksonville Bancorp, Inc.",DEF 14A,1484949,2016-03-21,https://www.sec.gov/Archives/edgar/data/1484949/0001571049-16-013206-index.htm
243882,John Bean Technologies CORP,DEF 14A,1433660,2016-03-30,https://www.sec.gov/Archives/edgar/data/1433660/0001193125-16-522536-index.htm
243889,John Hancock Funds II,DEF 14A,1331971,2016-02-23,https://www.sec.gov/Archives/edgar/data/1331971/0001133228-16-007565-index.htm
243894,"Jones Energy, Inc.",DEF 14A,1573166,2016-03-31,https://www.sec.gov/Archives/edgar/data/1573166/0001047469-16-011756-index.htm
243917,KAMAN Corp,DEF 14A,54381,2016-03-04,https://www.sec.gov/Archives/edgar/data/54381/0000054381-16-000077-index.htm
243924,KAPSTONE PAPER & PACKAGING CORP,DEF 14A,1325281,2016-03-28,https://www.sec.gov/Archives/edgar/data/1325281/0001047469-16-011626-index.htm
243855,"Jacksonville Bancorp, Inc.",DEF 14A,1484949,2016-03-21,https://www.sec.gov/Archives/edgar/data/1484949/0001571049-16-013206-index.htm
243882,John Bean Technologies CORP,DEF 14A,1433660,2016-03-30,https://www.sec.gov/Archives/edgar/data/1433660/0001193125-16-522536-index.htm
243855,"Jacksonville Bancorp, Inc.",DEF 14A,1484949,2016-03-21,https://www.sec.gov/Archives/edgar/data/1484949/0001571049-16-013206-index.htm
243882,John Bean Technologies CORP,DEF 14A,1433660,2016-03-30,https://www.sec.gov/Archives/edgar/data/1433660/0001193125-16-522536-index.htm
243889,John Hancock Funds II,DEF 14A,1331971,2016-02-23,https://www.sec.gov/Archives/edgar/data/1331971/0001133228-16-007565-index.htm
243855,"Jacksonville Bancorp, Inc.",DEF 14A,1484949,2016-03-21,https://www.sec.gov/Archives/edgar/data/1484949/0001571049-16-013206-index.htm
243882,John Bean Technologies CORP,DEF 14A,1433660,2016-03-30,https://www.sec.gov/Archives/edgar/data/1433660/0001193125-16-522536-index.htm
243889,John Hancock Funds II,DEF 14A,1331971,2016-02-23,https://www.sec.gov/Archives/edgar/data/1331971/0001133228-16-007565-index.htm
243855,"Jacksonville Bancorp, Inc.",DEF 14A,1484949,2016-03-21,https://www.sec.gov/Archives/edgar/data/1484949/0001571049-16-013206-index.htm
243882,John Bean Technologies CORP,DEF 14A,1433660,2016-03-30,https://www.sec.gov/Archives/edgar/data/1433660/0001193125-16-522536-index.htm
243889,John Hancock Funds II,DEF 14A,1331971,2016-02-23,https://www.sec.gov/Archives/edgar/data/1331971/0001133228-16-007565-index.htm
243894,"Jones Energy, Inc.",DEF 14A,1573166,2016-03-31,https://www.sec.gov/Archives/edgar/data/1573166/0001047469-16-011756-index.htm
243917,KAMAN Corp,DEF 14A,54381,2016-03-04,https://www.sec.gov/Archives/edgar/data/54381/0000054381-16-000077-index.htm
243924,KAPSTONE PAPER & PACKAGING CORP,DEF 14A,1325281,2016-03-28,https://www.sec.gov/Archives/edgar/data/1325281/0001047469-16-011626-index.htm
243855,"Jacksonville Bancorp, Inc.",DEF 14A,1484949,2016-03-21,https://www.sec.gov/Archives/edgar/data/1484949/0001571049-16-013206-index.htm
243882,John Bean Technologies CORP,DEF 14A,1433660,2016-03-30,https://www.sec.gov/Archives/edgar/data/1433660/0001193125-16-522536-index.htm
243889,John Hancock Funds II,DEF 14A,1331971,2016-02-23,https://www.sec.gov/Archives/edgar/data/1331971/0001133228-16-007565-index.htm
243894,"Jones Energy, Inc.",DEF 14A,1573166,2016-03-31,https://www.sec.gov/Archives/edgar/data/1573166/0001047469-16-011756-index.htm
243917,KAMAN Corp,DEF 14A,54381,2016-03-04,https://www.sec.gov/Archives/edgar/data/54381/0000054381-16-000077-index.htm
243924,KAPSTONE PAPER & PACKAGING CORP,DEF 14A,1325281,2016-03-28,https://www.sec.gov/Archives/edgar/data/1325281/0001047469-16-011626-index.htm
243931,KB HOME,DEF 14A,795266,2016-02-26,https://www.sec.gov/Archives/edgar/data/795266/0000795266-16-000109-index.htm
243934,"KBR, INC.",DEF 14A,1357615,2016-03-29,https://www.sec.gov/Archives/edgar/data/1357615/0001308179-16-000287-index.htm
243942,"KCAP Financial, Inc.",DEF 14A,1372807,2016-03-24,https://www.sec.gov/Archives/edgar/data/1372807/0001144204-16-089979-index.htm
243951,KELLOGG CO,DEF 14A,55067,2016-03-10,https://www.sec.gov/Archives/edgar/data/55067/0001628280-16-012545-index.htm
243959,KEMPER Corp,DEF 14A,860748,2016-03-24,https://www.sec.gov/Archives/edgar/data/860748/0000860748-16-000160-index.htm
243855,"Jacksonville Bancorp, Inc.",DEF 14A,1484949,2016-03-21,https://www.sec.gov/Archives/edgar/data/1484949/0001571049-16-013206-index.htm
243882,John Bean Technologies CORP,DEF 14A,1433660,2016-03-30,https://www.sec.gov/Archives/edgar/data/1433660/0001193125-16-522536-index.htm
243889,John Hancock Funds II,DEF 14A,1331971,2016-02-23,https://www.sec.gov/Archives/edgar/data/1331971/0001133228-16-007565-index.htm
243894,"Jones Energy, Inc.",DEF 14A,1573166,2016-03-31,https://www.sec.gov/Archives/edgar/data/1573166/0001047469-16-011756-index.htm
243917,KAMAN Corp,DEF 14A,54381,2016-03-04,https://www.sec.gov/Archives/edgar/data/54381/0000054381-16-000077-index.htm
243924,KAPSTONE PAPER & PACKAGING CORP,DEF 14A,1325281,2016-03-28,https://www.sec.gov/Archives/edgar/data/1325281/0001047469-16-011626-index.htm
243931,KB HOME,DEF 14A,795266,2016-02-26,https://www.sec.gov/Archives/edgar/data/795266/0000795266-16-000109-index.htm
243855,"Jacksonville Bancorp, Inc.",DEF 14A,1484949,2016-03-21,https://www.sec.gov/Archives/edgar/data/1484949/0001571049-16-013206-index.htm
243882,John Bean Technologies CORP,DEF 14A,1433660,2016-03-30,https://www.sec.gov/Archives/edgar/data/1433660/0001193125-16-522536-index.htm
243889,John Hancock Funds II,DEF 14A,1331971,2016-02-23,https://www.sec.gov/Archives/edgar/data/1331971/0001133228-16-007565-index.htm
243855,"Jacksonville Bancorp, Inc.",DEF 14A,1484949,2016-03-21,https://www.sec.gov/Archives/edgar/data/1484949/0001571049-16-013206-index.htm
243882,John Bean Technologies CORP,DEF 14A,1433660,2016-03-30,https://www.sec.gov/Archives/edgar/data/1433660/0001193125-16-522536-index.htm
243889,John Hancock Funds II,DEF 14A,1331971,2016-02-23,https://www.sec.gov/Archives/edgar/data/1331971/0001133228-16-007565-index.htm
243894,"Jones Energy, Inc.",DEF 14A,1573166,2016-03-31,https://www.sec.gov/Archives/edgar/data/1573166/0001047469-16-011756-index.htm
243917,KAMAN Corp,DEF 14A,54381,2016-03-04,https://www.sec.gov/Archives/edgar/data/54381/0000054381-16-000077-index.htm
243924,KAPSTONE PAPER & PACKAGING CORP,DEF 14A,1325281,2016-03-28,https://www.sec.gov/Archives/edgar/data/1325281/0001047469-16-011626-index.htm
243855,"Jacksonville Bancorp, Inc.",DEF 14A,1484949,2016-03-21,https://www.sec.gov/Archives/edgar/data/1484949/0001571049-16-013206-index.htm
243882,John Bean Technologies CORP,DEF 14A,1433660,2016-03-30,https://www.sec.gov/Archives/edgar/data/1433660/0001193125-16-522536-index.htm
243889,John Hancock Funds II,DEF 14A,1331971,2016-02-23,https://www.sec.gov/Archives/edgar/data/1331971/0001133228-16-007565-index.htm
243894,"Jones Energy, Inc.",DEF 14A,1573166,2016-03-31,https://www.sec.gov/Archives/edgar/data/1573166/0001047469-16-011756-index.htm
243917,KAMAN Corp,DEF 14A,54381,2016-03-04,https://www.sec.gov/Archives/edgar/data/54381/0000054381-16-000077-index.htm
243924,KAPSTONE PAPER & PACKAGING CORP,DEF 14A,1325281,2016-03-28,https://www.sec.gov/Archives/edgar/data/1325281/0001047469-16-011626-index.htm
243931,KB HOME,DEF 14A,795266,2016-02-26,https://www.sec.gov/Archives/edgar/data/795266/0000795266-16-000109-index.htm
243934,"KBR, INC.",DEF 14A,1357615,2016-03-29,https://www.sec.gov/Archives/edgar/data/1357615/0001308179-16-000287-index.htm
243942,"KCAP Financial, Inc.",DEF 14A,1372807,2016-03-24,https://www.sec.gov/Archives/edgar/data/1372807/0001144204-16-089979-index.htm
243951,KELLOGG CO,DEF 14A,55067,2016-03-10,https://www.sec.gov/Archives/edgar/data/55067/0001628280-16-012545-index.htm
243855,"Jacksonville Bancorp, Inc.",DEF 14A,1484949,2016-03-21,https://www.sec.gov/Archives/edgar/data/1484949/0001571049-16-013206-index.htm
243882,John Bean Technologies CORP,DEF 14A,1433660,2016-03-30,https://www.sec.gov/Archives/edgar/data/1433660/0001193125-16-522536-index.htm
243889,John Hancock Funds II,DEF 14A,1331971,2016-02-23,https://www.sec.gov/Archives/edgar/data/1331971/0001133228-16-007565-index.htm
243855,"Jacksonville Bancorp, Inc.",DEF 14A,1484949,2016-03-21,https://www.sec.gov/Archives/edgar/data/1484949/0001571049-16-013206-index.htm
243882,John Bean Technologies CORP,DEF 14A,1433660,2016-03-30,https://www.sec.gov/Archives/edgar/data/1433660/0001193125-16-522536-index.htm
243889,John Hancock Funds II,DEF 14A,1331971,2016-02-23,https://www.sec.gov/Archives/edgar/data/1331971/0001133228-16-007565-index.htm
243894,"Jones Energy, Inc.",DEF 14A,1573166,2016-03-31,https://www.sec.gov/Archives/edgar/data/1573166/0001047469-16-011756-index.htm
243917,KAMAN Corp,DEF 14A,54381,2016-03-04,https://www.sec.gov/Archives/edgar/data/54381/0000054381-16-000077-index.htm
243924,KAPSTONE PAPER & PACKAGING CORP,DEF 14A,1325281,2016-03-28,https://www.sec.gov/Archives/edgar/data/1325281/0001047469-16-011626-index.htm
243855,"Jacksonville Bancorp, Inc.",DEF 14A,1484949,2016-03-21,https://www.sec.gov/Archives/edgar/data/1484949/0001571049-16-013206-index.htm
243882,John Bean Technologies CORP,DEF 14A,1433660,2016-03-30,https://www.sec.gov/Archives/edgar/data/1433660/0001193125-16-522536-index.htm
243889,John Hancock Funds II,DEF 14A,1331971,2016-02-23,https://www.sec.gov/Archives/edgar/data/1331971/0001133228-16-007565-index.htm
243894,"Jones Energy, Inc.",DEF 14A,1573166,2016-03-31,https://www.sec.gov/Archives/edgar/data/1573166/0001047469-16-011756-index.htm
243917,KAMAN Corp,DEF 14A,54381,2016-03-04,https://www.sec.gov/Archives/edgar/data/54381/0000054381-16-000077-index.htm
243924,KAPSTONE PAPER & PACKAGING CORP,DEF 14A,1325281,2016-03-28,https://www.sec.gov/Archives/edgar/data/1325281/0001047469-16-011626-index.htm
243931,KB HOME,DEF 14A,795266,2016-02-26,https://www.sec.gov/Archives/edgar/data/795266/0000795266-16-000109-index.htm
243934,"KBR, INC.",DEF 14A,1357615,2016-03-29,https://www.sec.gov/Archives/edgar/data/1357615/0001308179-16-000287-index.htm
243855,"Jacksonville Bancorp, Inc.",DEF 14A,1484949,2016-03-21,https://www.sec.gov/Archives/edgar/data/1484949/0001571049-16-013206-index.htm
243882,John Bean Technologies CORP,DEF 14A,1433660,2016-03-30,https://www.sec.gov/Archives/edgar/data/1433660/0001193125-16-522536-index.htm
243889,John Hancock Funds II,DEF 14A,1331971,2016-02-23,https://www.sec.gov/Archives/edgar/data/1331971/0001133228-16-007565-index.htm
243894,"Jones Energy, Inc.",DEF 14A,1573166,2016-03-31,https://www.sec.gov/Archives/edgar/data/1573166/0001047469-16-011756-index.htm
243917,KAMAN Corp,DEF 14A,54381,2016-03-04,https://www.sec.gov/Archives/edgar/data/54381/0000054381-16-000077-index.htm
243924,KAPSTONE PAPER & PACKAGING CORP,DEF 14A,1325281,2016-03-28,https://www.sec.gov/Archives/edgar/data/1325281/0001047469-16-011626-index.htm
243931,KB HOME,DEF 14A,795266,2016-02-26,https://www.sec.gov/Archives/edgar/data/795266/0000795266-16-000109-index.htm
243855,"Jacksonville Bancorp, Inc.",DEF 14A,1484949,2016-03-21,https://www.sec.gov/Archives/edgar/data/1484949/0001571049-16-013206-index.htm
243882,John Bean Technologies CORP,DEF 14A,1433660,2016-03-30,https://www.sec.gov/Archives/edgar/data/1433660/0001193125-16-522536-index.htm
243889,John Hancock Funds II,DEF 14A,1331971,2016-02-23,https://www.sec.gov/Archives/edgar/data/1331971/0001133228-16-007565-index.htm
243894,"Jones Energy, Inc.",DEF 14A,1573166,2016-03-31,https://www.sec.gov/Archives/edgar/data/1573166/0001047469-16-011756-index.htm
243855,"Jacksonville Bancorp, Inc.",DEF 14A,1484949,2016-03-21,https://www.sec.gov/Archives/edgar/data/1484949/0001571049-16-013206-index.htm
243882,John Bean Technologies CORP,DEF 14A,1433660,2016-03-30,https://www.sec.gov/Archives/edgar/data/1433660/0001193125-16-522536-index.htm
243889,John Hancock Funds II,DEF 14A,1331971,2016-02-23,https://www.sec.gov/Archives/edgar/data/1331971/0001133228-16-007565-index.htm
243894,"Jones Energy, Inc.",DEF 14A,1573166,2016-03-31,https://www.sec.gov/Archives/edgar/data/1573166/0001047469-16-011756-index.htm
243917,KAMAN Corp,DEF 14A,54381,2016-03-04,https://www.sec.gov/Archives/edgar/data/54381/0000054381-16-000077-index.htm
243924,KAPSTONE PAPER & PACKAGING CORP,DEF 14A,1325281,2016-03-28,https://www.sec.gov/Archives/edgar/data/1325281/0001047469-16-011626-index.htm
243931,KB HOME,DEF 14A,795266,2016-02-26,https://www.sec.gov/Archives/edgar/data/795266/0000795266-16-000109-index.htm
243934,"KBR, INC.",DEF 14A,1357615,2016-03-29,https://www.sec.gov/Archives/edgar/data/1357615/0001308179-16-000287-index.htm
243855,"Jacksonville Bancorp, Inc.",DEF 14A,1484949,2016-03-21,https://www.sec.gov/Archives/edgar/data/1484949/0001571049-16-013206-index.htm
243882,John Bean Technologies CORP,DEF 14A,1433660,2016-03-30,https://www.sec.gov/Archives/edgar/data/1433660/0001193125-16-522536-index.htm
243889,John Hancock Funds II,DEF 14A,1331971,2016-02-23,https://www.sec.gov/Archives/edgar/data/1331971/0001133228-16-007565-index.htm
243894,"Jones Energy, Inc.",DEF 14A,1573166,2016-03-31,https://www.sec.gov/Archives/edgar/data/1573166/0001047469-16-011756-index.htm
243917,KAMAN Corp,DEF 14A,54381,2016-03-04,https://www.sec.gov/Archives/edgar/data/54381/0000054381-16-000077-index.htm
243924,KAPSTONE PAPER & PACKAGING CORP,DEF 14A,1325281,2016-03-28,https://www.sec.gov/Archives/edgar/data/1325281/0001047469-16-011626-index.htm
243855,"Jacksonville Bancorp, Inc.",DEF 14A,1484949,2016-03-21,https://www.sec.gov/Archives/edgar/data/1484949/0001571049-16-013206-index.htm
243882,John Bean Technologies CORP,DEF 14A,1433660,2016-03-30,https://www.sec.gov/Archives/edgar/data/1433660/0001193125-16-522536-index.htm
243889,John Hancock Funds II,DEF 14A,1331971,2016-02-23,https://www.sec.gov/Archives/edgar/data/1331971/0001133228-16-007565-index.htm
243894,"Jones Energy, Inc.",DEF 14A,1573166,2016-03-31,https://www.sec.gov/Archives/edgar/data/1573166/0001047469-16-011756-index.htm
243917,KAMAN Corp,DEF 14A,54381,2016-03-04,https://www.sec.gov/Archives/edgar/data/54381/0000054381-16-000077-index.htm
243924,KAPSTONE PAPER & PACKAGING CORP,DEF 14A,1325281,2016-03-28,https://www.sec.gov/Archives/edgar/data/1325281/0001047469-16-011626-index.htm
243931,KB HOME,DEF 14A,795266,2016-02-26,https://www.sec.gov/Archives/edgar/data/795266/0000795266-16-000109-index.htm
243855,"Jacksonville Bancorp, Inc.",DEF 14A,1484949,2016-03-21,https://www.sec.gov/Archives/edgar/data/1484949/0001571049-16-013206-index.htm
243882,John Bean Technologies CORP,DEF 14A,1433660,2016-03-30,https://www.sec.gov/Archives/edgar/data/1433660/0001193125-16-522536-index.htm
243889,John Hancock Funds II,DEF 14A,1331971,2016-02-23,https://www.sec.gov/Archives/edgar/data/1331971/0001133228-16-007565-index.htm
243855,"Jacksonville Bancorp, Inc.",DEF 14A,1484949,2016-03-21,https://www.sec.gov/Archives/edgar/data/1484949/0001571049-16-013206-index.htm
243882,John Bean Technologies CORP,DEF 14A,1433660,2016-03-30,https://www.sec.gov/Archives/edgar/data/1433660/0001193125-16-522536-index.htm
243889,John Hancock Funds II,DEF 14A,1331971,2016-02-23,https://www.sec.gov/Archives/edgar/data/1331971/0001133228-16-007565-index.htm
243894,"Jones Energy, Inc.",DEF 14A,1573166,2016-03-31,https://www.sec.gov/Archives/edgar/data/1573166/0001047469-16-011756-index.htm
243917,KAMAN Corp,DEF 14A,54381,2016-03-04,https://www.sec.gov/Archives/edgar/data/54381/0000054381-16-000077-index.htm
243855,"Jacksonville Bancorp, Inc.",DEF 14A,1484949,2016-03-21,https://www.sec.gov/Archives/edgar/data/1484949/0001571049-16-013206-index.htm
243882,John Bean Technologies CORP,DEF 14A,1433660,2016-03-30,https://www.sec.gov/Archives/edgar/data/1433660/0001193125-16-522536-index.htm
243995,KIMCO REALTY CORP,DEF 14A,879101,2016-03-16,https://www.sec.gov/Archives/edgar/data/879101/0001206774-16-004954-index.htm
244008,KIRBY CORP,DEF 14A,56047,2016-03-04,https://www.sec.gov/Archives/edgar/data/56047/0001193125-16-492663-index.htm
244015,KKR Income Opportunities Fund,DEF 14A,1515940,2016-02-08,https://www.sec.gov/Archives/edgar/data/1515940/0000894189-16-007518-index.htm
244030,KNIGHT TRANSPORTATION INC,DEF 14A,929452,2016-03-31,https://www.sec.gov/Archives/edgar/data/929452/0001008886-16-000297-index.htm
244033,KNOLL INC,DEF 14A,1011570,2016-03-23,https://www.sec.gov/Archives/edgar/data/1011570/0001047469-16-011479-index.htm
244037,KOHLS Corp,DEF 14A,885639,2016-03-24,https://www.sec.gov/Archives/edgar/data/885639/0001193125-16-516849-index.htm
244040,KONA GRILL INC,DEF 14A,1265572,2016-03-10,https://www.sec.gov/Archives/edgar/data/1265572/0001437749-16-027280-index.htm
374963,"T. Rowe Price Corporate Income Fund, Inc.",DEF 14A,949820,2018-05-10,https://www.sec.gov/Archives/edgar/data/949820/0000871839-18-000061-index.htm
252976,"BLACKROCK MUNIHOLDINGS FUND, INC.",DEF 14A,1034665,2016-06-09,https://www.sec.gov/Archives/edgar/data/1034665/0001193125-16-617811-index.htm
414241,Sabre Corp,DEF 14A,1597033,2019-03-08,https://www.sec.gov/Archives/edgar/data/1597033/0001193125-19-069142-index.htm
243889,John Hancock Funds II,DEF 14A,1331971,2016-02-23,https://www.sec.gov/Archives/edgar/data/1331971/0001133228-16-007565-index.htm
243924,KAPSTONE PAPER & PACKAGING CORP,DEF 14A,1325281,2016-03-28,https://www.sec.gov/Archives/edgar/data/1325281/0001047469-16-011626-index.htm
243931,KB HOME,DEF 14A,795266,2016-02-26,https://www.sec.gov/Archives/edgar/data/795266/0000795266-16-000109-index.htm
243934,"KBR, INC.",DEF 14A,1357615,2016-03-29,https://www.sec.gov/Archives/edgar/data/1357615/0001308179-16-000287-index.htm
243934,"KBR, INC.",DEF 14A,1357615,2016-03-29,https://www.sec.gov/Archives/edgar/data/1357615/0001308179-16-000287-index.htm
244015,KKR Income Opportunities Fund,DEF 14A,1515940,2016-02-08,https://www.sec.gov/Archives/edgar/data/1515940/0000894189-16-007518-index.htm
244030,KNIGHT TRANSPORTATION INC,DEF 14A,929452,2016-03-31,https://www.sec.gov/Archives/edgar/data/929452/0001008886-16-000297-index.htm
244033,KNOLL INC,DEF 14A,1011570,2016-03-23,https://www.sec.gov/Archives/edgar/data/1011570/0001047469-16-011479-index.htm
244037,KOHLS Corp,DEF 14A,885639,2016-03-24,https://www.sec.gov/Archives/edgar/data/885639/0001193125-16-516849-index.htm
244040,KONA GRILL INC,DEF 14A,1265572,2016-03-10,https://www.sec.gov/Archives/edgar/data/1265572/0001437749-16-027280-index.htm
244053,KRONOS WORLDWIDE INC,DEF 14A,1257640,2016-03-29,https://www.sec.gov/Archives/edgar/data/1257640/0000059255-16-000161-index.htm
244060,KULICKE & SOFFA INDUSTRIES INC,DEF 14A,56978,2016-01-04,https://www.sec.gov/Archives/edgar/data/56978/0000056978-16-000129-index.htm
244173,L 3 COMMUNICATIONS HOLDINGS INC,DEF 14A,1056239,2016-03-23,https://www.sec.gov/Archives/edgar/data/1056239/0001193125-16-514123-index.htm
243856,"Jacobus Wealth Management, Inc.",13F-HR,1501542,2016-02-08,https://www.sec.gov/Archives/edgar/data/1501542/0001140361-16-050572-index.htm
244795,MCCLATCHY CO,10-K,1056087,2016-03-08,https://www.sec.gov/Archives/edgar/data/1056087/0001558370-16-003878-index.htm
244800,MCDERMOTT INTERNATIONAL INC,10-K,708819,2016-02-22,https://www.sec.gov/Archives/edgar/data/708819/0001564590-16-012998-index.htm
244801,MCDERMOTT INTERNATIONAL INC,DEF 14A,708819,2016-03-18,https://www.sec.gov/Archives/edgar/data/708819/0001206774-16-005011-index.htm
244802,MCDONALD CAPITAL INVESTORS INC/CA,13F-HR,1033225,2016-02-02,https://www.sec.gov/Archives/edgar/data/1033225/0001085146-16-002718-index.htm
244803,MCDONALDS CORP,10-K,63908,2016-02-25,https://www.sec.gov/Archives/edgar/data/63908/0000063908-16-000103-index.htm
244804,MCF Advisors LLC,13F-HR,1602905,2016-02-08,https://www.sec.gov/Archives/edgar/data/1602905/0001602905-16-000008-index.htm
244805,MCGRATH RENTCORP,10-K,752714,2016-02-25,https://www.sec.gov/Archives/edgar/data/752714/0001564590-16-013379-index.htm
244806,MCGRAW HILL FINANCIAL INC,10-K,64040,2016-02-12,https://www.sec.gov/Archives/edgar/data/64040/0000064040-16-000042-index.htm
244807,MCGRAW HILL FINANCIAL INC,DEF 14A,64040,2016-03-14,https://www.sec.gov/Archives/edgar/data/64040/0001193125-16-502293-index.htm
244808,MCKESSON CORP,10-Q,927653,2016-01-27,https://www.sec.gov/Archives/edgar/data/927653/0000927653-16-000016-index.htm
244809,MCKINLEY CAPITAL MANAGEMENT LLC /DELAWARE,13F-HR,915287,2016-02-11,https://www.sec.gov/Archives/edgar/data/915287/0000915287-16-000012-index.htm
244810,MCMILLION CAPITAL MANAGEMENT INC,13F-HR,1079930,2016-02-12,https://www.sec.gov/Archives/edgar/data/1079930/0001079930-16-000005-index.htm
244811,"MCPI, INC.",NT 10-K,1516559,2016-03-31,https://www.sec.gov/Archives/edgar/data/1516559/0001121781-16-000430-index.htm
244237,LEE DANNER & BASS INC,13F-HR,939219,2016-02-01,https://www.sec.gov/Archives/edgar/data/939219/0000939219-16-000012-index.htm
458176,"1895 Bancorp of Wisconsin, Inc.",DEF 14A,1751692,2020-02-21,https://www.sec.gov/Archives/edgar/data/1751692/0001193125-20-044336-index.htm
458179,1ST CONSTITUTION BANCORP,10-K,1141807,2020-03-16,https://www.sec.gov/Archives/edgar/data/1141807/0001141807-20-000005-index.htm
458179,1ST CONSTITUTION BANCORP,10-K,1141807,2020-03-16,https://www.sec.gov/Archives/edgar/data/1141807/0001141807-20-000005-index.htm
458181,1ST SOURCE CORP,10-K,34782,2020-02-20,https://www.sec.gov/Archives/edgar/data/34782/0000034782-20-000035-index.htm
458179,1ST CONSTITUTION BANCORP,10-K,1141807,2020-03-16,https://www.sec.gov/Archives/edgar/data/1141807/0001141807-20-000005-index.htm
458181,1ST SOURCE CORP,10-K,34782,2020-02-20,https://www.sec.gov/Archives/edgar/data/34782/0000034782-20-000035-index.htm
458179,1ST CONSTITUTION BANCORP,10-K,1141807,2020-03-16,https://www.sec.gov/Archives/edgar/data/1141807/0001141807-20-000005-index.htm
458181,1ST SOURCE CORP,10-K,34782,2020-02-20,https://www.sec.gov/Archives/edgar/data/34782/0000034782-20-000035-index.htm
458179,1ST CONSTITUTION BANCORP,10-K,1141807,2020-03-16,https://www.sec.gov/Archives/edgar/data/1141807/0001141807-20-000005-index.htm
458181,1ST SOURCE CORP,10-K,34782,2020-02-20,https://www.sec.gov/Archives/edgar/data/34782/0000034782-20-000035-index.htm
458179,1ST CONSTITUTION BANCORP,10-K,1141807,2020-03-16,https://www.sec.gov/Archives/edgar/data/1141807/0001141807-20-000005-index.htm
458181,1ST SOURCE CORP,10-K,34782,2020-02-20,https://www.sec.gov/Archives/edgar/data/34782/0000034782-20-000035-index.htm
458179,1ST CONSTITUTION BANCORP,10-K,1141807,2020-03-16,https://www.sec.gov/Archives/edgar/data/1141807/0001141807-20-000005-index.htm
458225,"AAON, INC.",10-K,824142,2020-02-27,https://www.sec.gov/Archives/edgar/data/824142/0000824142-20-000025-index.htm
403206,ACACIA RESEARCH CORP,10-K,934549,2019-03-15,https://www.sec.gov/Archives/edgar/data/934549/0000934549-19-000017-index.htm
0,1 800 FLOWERS COM INC,10-Q,1084869,2020-02-07,https://www.sec.gov/Archives/edgar/data/1084869/0001437749-20-002005-index.htm
0,"10-15 ASSOCIATES, INC.",13F-HR,1511144,2020-07-31,https://www.sec.gov/Archives/edgar/data/1511144/0001511144-20-000003-index.htm
1,"1060 Capital, LLC",13F-HR,1602119,2020-08-14,https://www.sec.gov/Archives/edgar/data/1602119/0000950123-20-008723-index.htm
2,"10x Genomics, Inc.",10-Q,1770787,2020-08-12,https://www.sec.gov/Archives/edgar/data/1770787/0001628280-20-012520-index.htm
3,12 West Capital Management LP,13F-HR,1540531,2020-08-14,https://www.sec.gov/Archives/edgar/data/1540531/0000905718-20-000852-index.htm
4,"12th Street Asset Management Company, LLC",13F-HR,1633703,2020-08-12,https://www.sec.gov/Archives/edgar/data/1633703/0001633703-20-000009-index.htm
5,"1347 Property Insurance Holdings, Inc.",10-Q,1591890,2020-08-14,https://www.sec.gov/Archives/edgar/data/1591890/0001493152-20-015682-index.htm
6,13D Management LLC,13F-HR,1600133,2020-08-14,https://www.sec.gov/Archives/edgar/data/1600133/0000921895-20-002237-index.htm
7,1492 Capital Management LLC,13F-HR,1584087,2020-08-13,https://www.sec.gov/Archives/edgar/data/1584087/0001584087-20-000006-index.htm
8,"1607 Capital Partners, LLC",13F-HR,1436866,2020-08-14,https://www.sec.gov/Archives/edgar/data/1436866/0001172661-20-001696-index.htm
9,1623 Capital LLC,13F-HR,1811034,2020-08-11,https://www.sec.gov/Archives/edgar/data/1811034/0001420506-20-000866-index.htm
10,1776 Wealth LLC,13F-HR,1803140,2020-08-04,https://www.sec.gov/Archives/edgar/data/1803140/0001606587-20-000817-index.htm
11,"180 WEALTH ADVISORS, LLC",13F-HR,1730817,2020-07-21,https://www.sec.gov/Archives/edgar/data/1730817/0001085146-20-001845-index.htm
12,1832 Asset Management L.P.,13F-HR,944388,2020-08-14,https://www.sec.gov/Archives/edgar/data/944388/0001062993-20-003985-index.htm
13,1847 Holdings LLC,10-Q,1599407,2020-08-14,https://www.sec.gov/Archives/edgar/data/1599407/0001213900-20-022300-index.htm
14,"1895 Bancorp of Wisconsin, Inc.",10-Q,1751692,2020-08-14,https://www.sec.gov/Archives/edgar/data/1751692/0001193125-20-219803-index.htm
15,1922 Investment Co LLC,13F-HR,1584289,2020-08-14,https://www.sec.gov/Archives/edgar/data/1584289/0000950123-20-008862-index.htm
16,1Life Healthcare Inc,10-Q,1404123,2020-08-13,https://www.sec.gov/Archives/edgar/data/1404123/0001564590-20-040010-index.htm
17,1ST CONSTITUTION BANCORP,10-Q,1141807,2020-08-10,https://www.sec.gov/Archives/edgar/data/1141807/0001141807-20-000023-index.htm
18,1ST SOURCE BANK,13F-HR,356264,2020-08-07,https://www.sec.gov/Archives/edgar/data/356264/0000356264-20-000007-index.htm
19,1ST SOURCE CORP,10-Q,34782,2020-07-23,https://www.sec.gov/Archives/edgar/data/34782/0000034782-20-000107-index.htm
20,1ST SOURCE CORP,10-Q/A,34782,2020-07-31,https://www.sec.gov/Archives/edgar/data/34782/0000034782-20-000114-index.htm
21,1st FRANKLIN FINANCIAL CORP,10-Q,38723,2020-08-14,https://www.sec.gov/Archives/edgar/data/38723/0001376474-20-000195-index.htm
22,"20/20 Capital Management, Inc.",13F-HR,1656866,2020-08-10,https://www.sec.gov/Archives/edgar/data/1656866/0001656866-20-000003-index.htm
23,"20/20 Global, Inc.",NT 10-Q,1763329,2020-08-14,https://www.sec.gov/Archives/edgar/data/1763329/0001445866-20-001198-index.htm
24,"22NW, LP",13F-HR,1694297,2020-08-14,https://www.sec.gov/Archives/edgar/data/1694297/0001214659-20-007168-index.htm
25,"22nd Century Group, Inc.",10-Q,1347858,2020-08-06,https://www.sec.gov/Archives/edgar/data/1347858/0001558370-20-009503-index.htm
26,"2U, Inc.",10-Q,1459417,2020-07-31,https://www.sec.gov/Archives/edgar/data/1459417/0001459417-20-000010-index.htm
27,"360 Financial, Inc.",13F-HR,1802324,2020-07-15,https://www.sec.gov/Archives/edgar/data/1802324/0001085146-20-001778-index.htm
28,361 CAPITAL LLC,13F-HR,1476534,2020-08-14,https://www.sec.gov/Archives/edgar/data/1476534/0001476534-20-000004-index.htm
29,"3D ASSET MANAGEMENT, INC",13F-HR,1359371,2020-07-24,https://www.sec.gov/Archives/edgar/data/1359371/0001085146-20-001880-index.htm
30,3D SYSTEMS CORP,10-Q,910638,2020-08-05,https://www.sec.gov/Archives/edgar/data/910638/0000910638-20-000025-index.htm
31,"3EDGE Asset Management, LP",13F-HR,1665605,2020-07-30,https://www.sec.gov/Archives/edgar/data/1665605/0001172661-20-001565-index.htm
32,3G Capital Partners LP,13F-HR,1421669,2020-08-14,https://www.sec.gov/Archives/edgar/data/1421669/0000905718-20-000851-index.htm
33,3G Sahana Capital Management LP,13F-HR,1808275,2020-08-14,https://www.sec.gov/Archives/edgar/data/1808275/0001567619-20-015442-index.htm
34,3M CO,10-Q,66740,2020-07-28,https://www.sec.gov/Archives/edgar/data/66740/0001558370-20-008507-index.htm
35,40 North Management LLC,13F-HR,1539436,2020-08-14,https://www.sec.gov/Archives/edgar/data/1539436/0001172661-20-001797-index.htm
36,"55I, LLC",13F-HR,1730242,2020-08-13,https://www.sec.gov/Archives/edgar/data/1730242/0001812046-20-000019-index.htm
37,"5AM Venture Management, LLC",13F-HR,1799883,2020-08-05,https://www.sec.gov/Archives/edgar/data/1799883/0001104659-20-090815-index.htm
38,6 Meridian,13F-HR,1730551,2020-07-09,https://www.sec.gov/Archives/edgar/data/1730551/0001085146-20-001725-index.htm
39,"683 Capital Management, LLC",13F-HR,1404574,2020-08-14,https://www.sec.gov/Archives/edgar/data/1404574/0001567619-20-015352-index.htm
40,"89bio, Inc.",10-Q,1785173,2020-08-13,https://www.sec.gov/Archives/edgar/data/1785173/0001564590-20-040062-index.htm
0,"10-15 ASSOCIATES, INC.",13F-HR,1511144,2020-07-31,https://www.sec.gov/Archives/edgar/data/1511144/0001511144-20-000003-index.htm
1,"1060 Capital, LLC",13F-HR,1602119,2020-08-14,https://www.sec.gov/Archives/edgar/data/1602119/0000950123-20-008723-index.htm
2,"10x Genomics, Inc.",10-Q,1770787,2020-08-12,https://www.sec.gov/Archives/edgar/data/1770787/0001628280-20-012520-index.htm
3,12 West Capital Management LP,13F-HR,1540531,2020-08-14,https://www.sec.gov/Archives/edgar/data/1540531/0000905718-20-000852-index.htm
4,"12th Street Asset Management Company, LLC",13F-HR,1633703,2020-08-12,https://www.sec.gov/Archives/edgar/data/1633703/0001633703-20-000009-index.htm
5,"1347 Property Insurance Holdings, Inc.",10-Q,1591890,2020-08-14,https://www.sec.gov/Archives/edgar/data/1591890/0001493152-20-015682-index.htm
6,13D Management LLC,13F-HR,1600133,2020-08-14,https://www.sec.gov/Archives/edgar/data/1600133/0000921895-20-002237-index.htm
7,1492 Capital Management LLC,13F-HR,1584087,2020-08-13,https://www.sec.gov/Archives/edgar/data/1584087/0001584087-20-000006-index.htm
8,"1607 Capital Partners, LLC",13F-HR,1436866,2020-08-14,https://www.sec.gov/Archives/edgar/data/1436866/0001172661-20-001696-index.htm
9,1623 Capital LLC,13F-HR,1811034,2020-08-11,https://www.sec.gov/Archives/edgar/data/1811034/0001420506-20-000866-index.htm
10,1776 Wealth LLC,13F-HR,1803140,2020-08-04,https://www.sec.gov/Archives/edgar/data/1803140/0001606587-20-000817-index.htm
11,"180 WEALTH ADVISORS, LLC",13F-HR,1730817,2020-07-21,https://www.sec.gov/Archives/edgar/data/1730817/0001085146-20-001845-index.htm
0,"10-15 ASSOCIATES, INC.",13F-HR,1511144,2020-07-31,https://www.sec.gov/Archives/edgar/data/1511144/0001511144-20-000003-index.htm
1,"1060 Capital, LLC",13F-HR,1602119,2020-08-14,https://www.sec.gov/Archives/edgar/data/1602119/0000950123-20-008723-index.htm
2,"10x Genomics, Inc.",10-Q,1770787,2020-08-12,https://www.sec.gov/Archives/edgar/data/1770787/0001628280-20-012520-index.htm
3,12 West Capital Management LP,13F-HR,1540531,2020-08-14,https://www.sec.gov/Archives/edgar/data/1540531/0000905718-20-000852-index.htm
0,"10-15 ASSOCIATES, INC.",13F-HR,1511144,2020-07-31,https://www.sec.gov/Archives/edgar/data/1511144/0001511144-20-000003-index.htm
1,"1060 Capital, LLC",13F-HR,1602119,2020-08-14,https://www.sec.gov/Archives/edgar/data/1602119/0000950123-20-008723-index.htm
0,"10-15 ASSOCIATES, INC.",13F-HR,1511144,2020-07-31,https://www.sec.gov/Archives/edgar/data/1511144/0001511144-20-000003-index.htm
1,"1060 Capital, LLC",13F-HR,1602119,2020-08-14,https://www.sec.gov/Archives/edgar/data/1602119/0000950123-20-008723-index.htm
2,"10x Genomics, Inc.",10-Q,1770787,2020-08-12,https://www.sec.gov/Archives/edgar/data/1770787/0001628280-20-012520-index.htm
3,12 West Capital Management LP,13F-HR,1540531,2020-08-14,https://www.sec.gov/Archives/edgar/data/1540531/0000905718-20-000852-index.htm
4,"12th Street Asset Management Company, LLC",13F-HR,1633703,2020-08-12,https://www.sec.gov/Archives/edgar/data/1633703/0001633703-20-000009-index.htm
5,"1347 Property Insurance Holdings, Inc.",10-Q,1591890,2020-08-14,https://www.sec.gov/Archives/edgar/data/1591890/0001493152-20-015682-index.htm
0,"10-15 ASSOCIATES, INC.",13F-HR,1511144,2020-07-31,https://www.sec.gov/Archives/edgar/data/1511144/0001511144-20-000003-index.htm
1,"1060 Capital, LLC",13F-HR,1602119,2020-08-14,https://www.sec.gov/Archives/edgar/data/1602119/0000950123-20-008723-index.htm
